<?xml version="1.0" encoding="UTF-8"?>
<!-- Foundation -->
<fonts>
    <fontset id="Default" unicode="true">
        <font>
            <name>lyrics1</name>
            <filename>lyrspin03.ttf</filename>
            <style>lowercase</style>
            <linespacing>0.9</linespacing>
            <size>120</size>
        </font>
        <font>
            <name>lyrics1b</name>
            <filename>lyrspin04.ttf</filename>
            <linespacing>0.8</linespacing>
            <size>75</size>
        </font>
        <font>
            <name>lyrics2</name>
            <filename>lyrspin09.ttf</filename>
            <linespacing>0.9</linespacing>
            <size>120</size>
        </font>
        <font>
            <name>lyrics2b</name>
            <filename>lyrspin01.ttf</filename>
            <linespacing>0.85</linespacing>
            <size>62</size>
        </font>
        <font>
            <name>lyrics3</name>
            <filename>lyrspin05.ttf</filename>
            <linespacing>0.9</linespacing>
            <size>120</size>
        </font>
        <font>
            <name>lyrics3b</name>
            <filename>lyrspin06.ttf</filename>
            <linespacing>0.85</linespacing>
            <size>62</size>
        </font>
        <font>
            <name>lyrics4</name>
            <filename>lyrspin08.ttf</filename>
            <linespacing>0.8</linespacing>
            <size>60</size>
        </font>
        <font>
            <name>lyrics4b</name>
            <filename>lyrspin09.ttf</filename>
            <linespacing>0.9</linespacing>
            <size>120</size>
        </font>
        <font>
            <name>lyrics5</name>
            <style>uppercase</style>
            <filename>lyrspin10.ttf</filename>
            <size>140</size>
        </font>
        <font>
            <name>lyrics5b</name>
            <filename>lyrspin04.ttf</filename>
            <linespacing>0.8</linespacing>
            <size>75</size>
        </font>
        <font>
            <name>lyrics6</name>
            <filename>lyrspin07.ttf</filename>
            <aspect>1.3</aspect>
            <style>lowercase</style>
            <linespacing>0.9</linespacing>
            <size>104</size>
        </font>
        <font>
            <name>lyrics6b</name>
            <filename>lyrspin08.ttf</filename>
            <linespacing>0.8</linespacing>
            <size>60</size>
        </font>
        <font>
            <name>lyrics7</name>
            <filename>lyrspin03.ttf</filename>
            <style>lowercase</style>
            <linespacing>0.9</linespacing>
            <size>120</size>
        </font>
        <font>
            <name>lyrics7b</name>
            <filename>lyrspin06.ttf</filename>
            <linespacing>0.85</linespacing>
            <size>62</size>
        </font>
        <font>
            <name>lyrics8</name>
            <filename>lyrspin05.ttf</filename>
            <linespacing>0.9</linespacing>
            <size>120</size>
        </font>
        <font>
            <name>lyrics8b</name>
            <filename>lyrspin02.ttf</filename>
            <linespacing>0.85</linespacing>
            <size>70</size>
        </font>
        <font>
            <name>lyrics9</name>
            <filename>lyrspin07.ttf</filename>
            <style>lowercase</style>
            <linespacing>0.9</linespacing>
            <size>275</size>
        </font>
        <font>
            <name>lyrics9b</name>
            <filename>lyrspin07.ttf</filename>
            <style>lowercase</style>
            <linespacing>0.9</linespacing>
            <size>165</size>
        </font>
        <font>
            <name>lyrics9c</name>
            <filename>lyrspin07.ttf</filename>
            <style>lowercase</style>
            <linespacing>0.9</linespacing>
            <size>220</size>
        </font>
        <font>
            <name>lyrics9d</name>
            <filename>lyrspin01.ttf</filename>
            <linespacing>0.85</linespacing>
            <size>60</size>
        </font>
        <font>
            <name>lyrics0</name>
            <style>uppercase</style>
            <filename>lyrspin10.ttf</filename>
            <size>125</size>
        </font>
        <font>
            <name>lyrics0a</name>
            <style>uppercase</style>
            <filename>lyrspin10.ttf</filename>
            <size>175</size>
        </font>
        <font>
            <name>lyrics0b</name>
            <style>uppercase</style>
            <filename>lyrspin10.ttf</filename>
            <size>225</size>
        </font>
        <font>
            <name>lyrics0c</name>
            <filename>lyrspin02.ttf</filename>
            <linespacing>0.85</linespacing>
            <size>70</size>
        </font>
        <font>
            <name>lyrics1s</name>
            <filename>lyrspin02.ttf</filename>
            <linespacing>1.15</linespacing>
            <size>76</size>
        </font>
        <font>
            <name>lyrics3s</name>
            <filename>lyrspin04.ttf</filename>
            <linespacing>0.80</linespacing>
            <aspect>1.1</aspect>
            <size>92</size>
        </font>
        <font>
            <name>lyrics5s</name>
            <filename>lyrspin01.ttf</filename>
            <linespacing>0.8</linespacing>
            <size>80</size>
        </font>
        <font>
            <name>lyrics7s</name>
            <filename>lyrspin08.ttf</filename>
            <style>bold</style>
            <linespacing>0.75</linespacing>
            <size>72</size>
        </font>
        <font>
            <name>lyrics9s</name>
            <filename>lyrspin06.ttf</filename>
            <linespacing>0.85</linespacing>
            <size>80</size>
        </font>
        <font>
            <name>Music_Big</name>
            <filename>RobotoCondensed-Light.ttf</filename>
            <size>80</size>
        </font>
        <font>
            <name>Music_Bigger</name>
            <filename>RobotoCondensed-Light.ttf</filename>
            <size>170</size>
        </font>
        <font>
            <name>Music_Biggest</name>
            <filename>RobotoCondensed-Light.ttf</filename>
            <size>260</size>
        </font>
        <font>
            <name>Null</name>
            <filename>arial.ttf</filename>
            <size>0</size>
        </font>
        <font>
            <name>LargeBold</name>
            <style>uppercase</style>
            <filename>arial.ttf</filename>
            <size>52</size>
        </font>
        <font>
            <name>Lyrics</name>
            <filename>arial.ttf</filename>
            <size>48</size>
        </font>
        <font>
            <name>Large</name>
            <filename>arial.ttf</filename>
            <size>48</size>
        </font>
        <font>
            <name>LargeX2</name>
            <filename>MC360.ttf</filename>
            <size>78</size>
        </font>
        <font>
            <name>LargeNew</name>
            <filename>arial.ttf</filename>
            <size>56</size>
        </font>
        <font>
            <name>LargeNetflix</name>
            <filename>arial.ttf</filename>
            <size>70</size>
        </font>
        <font>
            <name>EpisodeNumber</name>
            <filename>arial.ttf</filename>
            <size>100</size>
        </font>
        <font>
            <name>EpisodeNumberNew</name>
            <filename>arial.ttf</filename>
            <size>100</size>
        </font>
        <font>
            <name>Medium</name>
            <filename>arial.ttf</filename>
            <size>38</size>
        </font>
        <font>
            <name>Medium2x</name>
            <filename>arial.ttf</filename>
            <size>38</size>
            <style>bold</style>
        </font>
        <font>
            <name>SymbolPoster</name>
            <filename>symbol.ttf</filename>
            <size>20</size>
        </font>
        <font>
            <name>SymbolPosterBackground</name>
            <filename>symbol.ttf</filename>
            <size>34</size>
        </font>
        <font>
            <name>SymbolList</name>
            <filename>symbol.ttf</filename>
            <size>22</size>
        </font>
        <font>
            <name>Symbols</name>
            <filename>Symbols.ttf</filename>
            <size>30</size>
            <style>bold</style>
        </font>
        <font>
            <name>Symbols2</name>
            <filename>Symbols.ttf</filename>
            <size>30</size>
        </font>
        <font>
            <name>MediumBold</name>
            <filename>arial.ttf</filename>
            <size>38</size>
        </font>
        <font>
            <name>MediumBold3</name>
            <filename>arial.ttf</filename>
            <size>38</size>
        </font>
        <font>
            <name>HeaderLabel</name>
            <filename>arial.ttf</filename>
            <size>36</size>
        </font>
        <font>
            <name>LabelInfo</name>
            <filename>arial.ttf</filename>
            <size>30</size>
        </font>
        <font>
            <name>LabelInfoSub</name>
            <filename>arial.ttf</filename>
            <size>26</size>
        </font>
        <font>
            <name>Small</name>
            <filename>arial.ttf</filename>
            <size>29</size>
        </font>
        <font>
            <name>SmallBold</name>
            <filename>arial.ttf</filename>
            <size>38</size>
        </font>
        <font>
            <name>NotificationBold</name>
            <filename>arial.ttf</filename>
            <size>34</size>
        </font>
        <font>
            
            <name>Tiny</name>
            <filename>arial.ttf</filename>
            <size>25</size>
            <linespacing>1.22</linespacing>
        </font>
        <font>
            
            <name>TinyPlot</name>
            <filename>arial.ttf</filename>
            <size>25</size>
            <linespacing>1.22</linespacing>
        </font>
        <font>
            
            <name>TinyInfo</name>
            <filename>arial.ttf</filename>
            <size>30</size>
        </font>
        <font>
            
            <name>ChannelInfo</name>
            <filename>arial.ttf</filename>
            <size>27</size>
        </font>
        <font>
            
            <name>ChannelTiny</name>
            <filename>arial.ttf</filename>
            <size>22</size>
        </font>
        <font>
            
            <name>TinyBold2</name>
            <filename>arial.ttf</filename>
            <size>26</size>
            <style>bold</style>
        </font>
        <font>
            
            <name>Tiny44</name>
            <filename>arial.ttf</filename>
            <size>21</size>
        </font>
        <font>
            <name>TinyBold</name>
            <filename>arial.ttf</filename>
            <style>bold</style>
            <size>30</size>
        </font>
        <font>
            <name>Mini</name>
            <filename>arial.ttf</filename>
            <size>24</size>
        </font>
        <font>
            <name>Button</name>
            <style>uppercase</style>
            <filename>arial.ttf</filename>
            <size>28</size>
        </font>
        <font>
            <name>Flag</name>
            <style>uppercase</style>
            <filename>arial.ttf</filename>
            <size>26</size>
        </font>
        <font>
            <name>EPGTimeline</name>
            <filename>arial.ttf</filename>
            <size>20</size>
            <style>uppercase</style>
        </font>
        <font>
            <name>Home</name>
            <style>uppercase</style>
            <filename>arial.ttf</filename>
            <size>36</size>
        </font>
        <font>
            <name>HomeFO</name>
            <style>uppercase</style>
            <filename>arial.ttf</filename>
            <size>52</size>
        </font>
        <font>
            <name>HomeIcon</name>
            <style>uppercase</style>
            <filename>arial.ttf</filename>
            <size>26</size>
        </font>
        <font>
            <name>WidgetSelector</name>
            <style>uppercase</style>
            <filename>arial.ttf</filename>
            <size>22</size>
        </font>
        <font>
            <name>font13</name>
            <filename>arial.ttf</filename>
            <size>30</size>
        </font>
        <font>
            <name>Clock</name>
            <filename>arial.ttf</filename>
            <size>130</size>
        </font>
        <font>
            <name>WatchedStates</name>
            <filename>arial.ttf</filename>
            <size>20</size>
        </font>
        <font>
            <name>Small24</name>
            <filename>arial.ttf</filename>
            <size>25</size>
            <linespacing>1.22</linespacing>
        </font>
        <font>
            <name>Small20</name>
            <filename>arial.ttf</filename>
            <size>19</size>
        </font>
        <font>
            <name>Small333</name>
            <filename>arial.ttf</filename>
            <size>26</size>
        </font>
        <font>
            <name>Small33</name>
            <filename>arial.ttf</filename>
            <size>28</size>
        </font>
        <font>
            <name>SmallNavi</name>
            <filename>arial.ttf</filename>
            <size>29</size>
        </font>
        <font>
            <name>Name1</name>
            <filename>arial.ttf</filename>
            <size>34</size>
        </font>
        <font>
            <name>Consensus</name>
            <filename>arial.ttf</filename>
            <size>32</size>
        </font>
        <font>
            <name>WatchedLabel</name>
            <filename>arial.ttf</filename>
            <size>22</size>
        </font>
        <font>
            <name>SmallPVR</name>
            <filename>arial.ttf</filename>
            <size>25</size>
        </font>
    </fontset>
</fonts>
