<?xml version="1.0" encoding="UTF-8" standalone="yes"?>
<addon 
	id="plugin.program.wave" 
	name="[COLOR yellow]The Wave[/COLOR] - [COLOR lightblue]אשף התקנות[/COLOR]" version="2.0.13" 
	provider-name="[COLOR white]The Wave Team[/COLOR]">
  <requires>
    <import addon="xbmc.python" version="3.0.0"/>
    <import addon="script.module.six" />
    <import addon="script.module.kodi-six" />
  </requires>
  <extension point="xbmc.python.pluginsource" library="default.py">
        <provides>executable</provides>
  </extension>
  <extension point="xbmc.service" library="startup.py" start="startup" />
  <extension point="xbmc.addon.metadata">
    <summary lang="he">אשף התקנות - The Wave</summary>
    <description lang="he">אשף התקנה זה הוא הרחבת תוכנה גרפית להתקנת בילדים. 
בעזרת האשף תוכל להתקין בילדים, לבצע בדיקות שונות ולהפעיל כלי תחזוקה שונים. </description>
    <platform>all</platform>
    <assets>
				<icon>icon.png</icon>
				<fanart>fanart.jpg</fanart>
				<banner></banner>
				<clearlogo></clearlogo>
				<screenshot></screenshot>
		</assets>
  </extension>
</addon>