<?xml version="1.0" encoding="UTF-8" standalone="yes"?>
<addon 
	id="repository.thewave" 
	name="The Wave Repository" 
	version="0.0.7" 
	provider-name="The Wave Team">
	<extension point="xbmc.addon.repository" name="The Wave Repository>
		<dir>
			<info compressed="false">https://raw.githubusercontent.com/zewave/repo/master/addons.xml</info>
			<checksum>https://raw.githubusercontent.com/zewave/repo/master/addons.xml.md5</checksum>
			<datadir zip="true">https://raw.githubusercontent.com/zewave/repo/master/zips</datadir>
		</dir>
	</extension>
	<extension point="xbmc.addon.metadata">
		<assets>
			<icon>icon.png</icon>
		</assets>
		<summary>The Wave Repository</summary>
		<description>The Wave Repository</description>
		<platform>all</platform>
	</extension>
</addon>