<?xml version="1.0" encoding="utf-8"?>
<fonts>
    <fontset id="Default">
        <!-- Fonts from Eminence -->
        <font>
            <name>Font-LineLabel</name>
            <filename>arial.ttf</filename>
            <size>18</size>
            <style>uppercase</style>
        </font>		
        <font>
            <name>Font-Header</name>
            <filename>arial.ttf</filename>
            <size>75</size>
        </font>
        <font>
            <name>Font-View</name>
            <filename>arial.ttf</filename>
            <size>50</size>
        </font>
        <font>
            <name>Font-Sublabel</name>
            <filename>arial.ttf</filename>
            <size>32</size>
        </font>
        <font>
            <name>Font-HomeMenu</name>
            <filename>arial.ttf</filename>
            <size>28</size>
        </font>
        <font>
            <name>Font-Button</name>
            <filename>arial.ttf</filename>
            <size>32</size>
        </font>
        <font>
            <name>Font-Button-Black</name>
            <filename>arial.ttf</filename>
            <size>32</size>
        </font>
        <font>
            <name>Font-ListInfo-Bold</name>
            <filename>arial.ttf</filename>
            <size>30</size>
            <linespacing>1.08</linespacing>
        </font>
        <font>
            <name>Font-ListInfo</name>
            <filename>arial.ttf</filename>
            <size>30</size>
            <linespacing>1.08</linespacing>
        </font>
        <font>
            <name>Font-ListInfo-Big</name>
            <filename>arial.ttf</filename>
            <size>38</size>
            <linespacing>1.08</linespacing>
        </font>
        <font>
            <name>Font-ListInfo-Small</name>
            <filename>arial.ttf</filename>
            <size>27</size>
        </font>
        <font>
            <name>Font-RSS</name>
            <filename>arial.ttf</filename>
            <size>24</size>
        </font>
        <font>
            <name>Font-ListInfo-Small-Bold</name>
            <filename>arial.ttf</filename>
            <size>27</size>
        </font>
        <font>
            <name>Font-OSD</name>
            <filename>arial.ttf</filename>
            <size>25</size>
            <aspect>0.9</aspect>
        </font>
        <font>
            <name>Font-InfoBox-Title</name>
            <filename>arial.ttf</filename>
            <size>36</size>
        </font>
        <font>
            <name>Font-WidgetInfoTitle</name>
            <filename>arial.ttf</filename>
            <size>48</size>
        </font>
        <font>
            <name>Font-SubMenu</name>
            <filename>arial.ttf</filename>
            <size>18</size>
            <style>uppercase</style>
        </font>		
        <!-- Required for system -->
        <font>
            <name>font13</name>
            <filename>arial.ttf</filename>
            <size>21</size>
        </font>
		
        <font>
            <name>CDArtist</name>
            <filename>fafers.ttf</filename>
			<size>45</size>
			<linespacing>.8</linespacing>
        </font>

        <font>
            <name>CDAlbum</name>
            <filename>fafers.ttf</filename>
			<size>36</size>
        </font>
		<font>
			<name>font_SimplerE3D_bold</name>
			<filename>arial.ttf</filename>
			<style>uppercase bold</style>
			<size>48</size>
		</font>
		<font>
			<name>font_armyofdarkness</name>
			<filename>arial.ttf</filename>
			<style>uppercase</style>
			<size>48</size>
		</font>
		<font>
			<name>font_babylon5</name>
			<filename>arial.ttf</filename>
			<style>uppercase</style>
			<size>48</size>
		</font>
		<font>
			<name>font_bachelorpad</name>
			<filename>arial.ttf</filename>
			<style>uppercase</style>
			<size>48</size>
		</font>
		<font>
			<name>font_bullpen3d</name>
			<filename>arial.ttf</filename>
			<style>uppercase</style>
			<size>48</size>
		</font>
		<font>
			<name>font_terminator</name>
			<filename>arial.ttf</filename>
			<style>uppercase</style>
			<size>48</size>
		</font>			
    </fontset>
</fonts>