﻿<?xml version="1.0" encoding="UTF-8" standalone="yes"?>
<addon id="plugin.close.kodi" name="[COLOR red] יציאה מהירה [/COLOR] " version="3.1.3" provider-name="Based_Skid">
  <extension point="xbmc.python.pluginsource" library="default.py">
        <provides>executable</provides>
  </extension>
  <extension point="xbmc.addon.metadata">
    <summary lang="he">יציאה מהירה</summary>
    <description lang="he">יציאה מהירה</description>
    <assets>
            <icon>icon.png</icon>
            <fanart>fanart.png</fanart>
    </assets>
    <platform>all</platform>
  </extension>
</addon>
