<?xml version="1.0" encoding="UTF-8"?>
<addon id="skin.aeon.nox.5" version="999.0.3" name="Aeon Nox 5 (Ariel Font Only)" provider-name="BigNoid">
	<requires>
		<import addon="xbmc.gui" version="5.17.0" />
		<import addon="script.skinshortcuts" version="1.0.10" />
		<import addon="service.library.data.provider" version="0.0.7" />
		<import addon="resource.images.studios.white" version="0.0.1" />
		<import addon="resource.images.recordlabels.white" version="0.0.1" />
	</requires>
	<extension point="xbmc.gui.skin" debugging="false" effectslowdown="0.75">
		<res width="1920" height="1080" aspect="16:9" default="true" folder="1080i" />
		<res width="2560" height="1080" aspect="21:9" default="false" folder="1080i" />
	</extension>
	<extension point="xbmc.addon.metadata">
		<summary>Aeon Nox 5: Redux</summary>
		<description>Redux: Completely redesigned to create a modern look, while retaining the classic Aeon feel. This version with Arial fonts.</description>
		<disclaimer lang="en_GB">Mouse control is supported, althoug not recommended. It may not work correctly in all cases.</disclaimer>
		<platform>all</platform>
		<license>CC BY-NC-SA 4.0</license>
		<forum>http://forum.kodi.tv/showthread.php?tid=183504</forum>
		<website>https://github.com/BigNoid/Aeon-Nox</website>
		<email>big.noid@kodi.tv</email>
		<source>https://github.com/BigNoid/Aeon-Nox</source>
		<news>Updated for Kodi v18 "Leia"[CR]For a full list of changes visit https://github.com/BigNoid/Aeon-Nox/commits/master</news>
		<assets>
			<icon>resources/icon.png</icon>
			<fanart>resources/fanart.jpg</fanart>
			<screenshot>resources/screenshot-01.jpg</screenshot>
			<screenshot>resources/screenshot-02.jpg</screenshot>
			<screenshot>resources/screenshot-03.jpg</screenshot>
			<screenshot>resources/screenshot-04.jpg</screenshot>
			<screenshot>resources/screenshot-05.jpg</screenshot>
			<screenshot>resources/screenshot-06.jpg</screenshot>
			<screenshot>resources/screenshot-07.jpg</screenshot>
			<screenshot>resources/screenshot-08.jpg</screenshot>
			<screenshot>resources/screenshot-09.jpg</screenshot>
		</assets>
		<size>13266401</size>
	</extension>
</addon>
