<?xml version="1.0" encoding="UTF-8" standalone="yes"?>
<addon id="plugin.audio.dashradio" name="Dash Radio" version="420.3" provider-name="Diggz">
<requires>
  <import addon="xbmc.python" version="3.0.0"/>
</requires>
<extension point="xbmc.python.pluginsource" library="main.py">
  <provides>audio</provides>
</extension>
<extension point="xbmc.addon.metadata">
    <summary lang="en">Dash Radio</summary>
    <description lang="en">Dash Radio is a digital radio broadcasting platform over 80 original stations. These stations are curated by DJs, radio personalities, musicians, and music tastemakers. The platform includes partner stations curated by Snoop Dogg, Kylie Jenner, Lil Wayne, Tech N9ne, Borgore, B-Real of Cypress Hill, and others.</description>
    <disclaimer lang="en">The author is not responsible for the use of this addon. The author is not responsible for the content found using this addon. The author does not host or own any content found within this addon.[CR]The author is in no way affiliated with Kodi, Team Kodi, or the XBMC Foundation.[CR]This is a Non-profit resource, organized solely for educational purposes which is protected under the Fair-Use doctrine of the Copyright Act, Specifically section 107, which does promote freedom of expression, by permitting the unlicensed use of copyright-protected works.</disclaimer>
        <license>Free</license>
    <platform>all</platform>
  <assets>
            <icon>icon.png</icon>
            <fanart>fanart.jpg</fanart>
     </assets>	
    </extension>
</addon>