<?xml version="1.0" encoding="UTF-8"?>
<!-- Foundation -->
<window id="1180" type="dialog">
    <defaultcontrol always="true">11</defaultcontrol>
    	<onload>ClearProperty(quicknavsetup,home)</onload>
	<onunload>ClearProperty(quicknavsetup,home)</onunload>	
    <controls>
    
        <control type="group">
            <visible>!Window.IsActive(DialogPVRGuideInfo.xml)</visible>
            <animation effect="slide" start="0,1000" end="0,750" delay="250" time="250" tween="quadratic">Visible</animation>
            <animation effect="slide" start="0,1000" end="0,750" delay="250" time="250" tween="quadratic">WindowOpen</animation>
            <animation effect="slide" end="0,1000" start="0,750" delay="50" time="150" tween="quadratic">Hidden</animation>
            <animation effect="slide" end="0,1000" start="0,750" delay="50" time="150" tween="quadratic">WindowClose</animation>
            <control type="image">
                <left>-320</left>
                <top>-24</top>
                <height>382</height>
                <width>3200</width>
                <bordersize>0</bordersize>
                <bordertexture border="24">24-shadow.png</bordertexture>
                <texture border="0" colordiffuse="black">kodirdil/Idan_Plus_OSD/black.png</texture>
            </control>
			    <control type="image">
                <width>558</width>
                <height>109</height>
                <texture colordiffuse="purple">white.png</texture>
            </control>
			<control type="label">
                <left>100</left>
                <top>20</top>
                <width>900</width>
                <height>70</height>
                <align>center</align>
                <font>Font-ListInfo</font>
                <textcolor>Selected</textcolor>
                <label>$INFO[container(11).ListItem.Title]</label>
                <selectedcolor>Selected</selectedcolor>
            </control>			
			<control type="textbox">
				<posx>1150</posx>
				<posy>50</posy>
				<width>800</width>
				<height>500</height>
				<label>$INFO[Container(11).ListItem.Plot]</label>
				<autoscroll delay="2000" time="3000" repeat="500"></autoscroll>
			</control>
   <!--         <control type="label">
                <left>160</left>
                <top>10</top>  
                <width>328</width>
                <height>128</height>
              <label>עידן פלוס</label>
			  <textcolor>white</textcolor>
			  <font>Font-ListInfo-Bold1</font>
            </control>
            <control type="label">
                <left>30</left>
                <top>pad</top>
                <width>400</width>
                <height>70</height>
                <align>left</align>
                <font>Font-WidgetInfoTitle</font>
                <label>$INFO[VideoPlayer.ChannelGroup]</label>
            </control>
            <control type="label">
                <left>200</left>
                <top>-10</top>
                <height>70</height>
                <width>400</width>
                <align>left</align>
                <font>Font-ListInfo-Bold</font>
				<textcolor>white</textcolor>
                <label>$INFO[Container(11).NumItems,,  $LOCALIZE[19019]]</label>
            </control>-->

            <control type="list" id="11">
				<ondown>Container(9002).HasFocus</ondown>	
                <left>0</left>
                <top>80</top>
                <height>980</height>
                <width>1135</width>
                <onleft>PreviousChannelGroup</onleft>
                <onright>NextChannelGroup</onright>
                <orientation>horizontal</orientation>
                <itemlayout height="20" width="220">
                    <control type="image">
                        <width>100%</width>
                        <height>100%</height>
                        <texture colordiffuse="0fffffff">selected.png</texture>
                        <aspectratio>scale</aspectratio>
                        <visible>ListItem.IsPlaying</visible>
                    </control>
                    <control type="image">
                        <left>22</left>
                        <top>12</top>  
                        <width>185</width>
                        <height>185</height>
                        <texture>$INFO[ListItem.Thumb]</texture>
                        <aspectratio>keep</aspectratio>
                    </control>
         <!--           <control type="label">
                        <left>560</left>
                        <width>70</width>
                        <height>70</height>
                        <align>left</align>                  
                        <label>$INFO[ListItem.ChannelNumberLabel]</label>
                        <selectedcolor>ListLabel</selectedcolor>
                    </control>
                    <control type="label">
                        <left>138</left>
                        <top>50</top>
                        <width>400</width>
                        <height>18</height>
						 <align>right</align>
                        <reveal>true</reveal>
                        <label>$INFO[ListItem.Label]</label>
                    </control>
                    <control type="label">
                        <left>130</left>
                        <height>70</height>
                        <width>400</width>
                        <align>left</align>
                        <textcolor>ListLabel</textcolor>
                        <label>$INFO[ListItem.ChannelName]</label>
                        <selectedcolor>ListLabel</selectedcolor>
                    </control>
                    <control type="label">
                        <left>130</left>
                        <top>40</top>
                        <width>400</width>
                        <height>70</height>
                        <align>left</align>
                        <font>Font-ListInfo</font>
                        <textcolor>ListLabel</textcolor>
                        <label>$INFO[ListItem.Title]</label>
                        <selectedcolor>ListLabel</selectedcolor>
                    </control>-->
                </itemlayout>
                <focusedlayout height="20" width="240">
            <!--        <control type="image">
                        <width>320</width>
                        <height>320</height>
                        <texture colordiffuse="cyan">white.png</texture>
                    </control>-->
                    <control type="image">
                        <width>100%</width>
                        <height>100%</height>
                        <texture colordiffuse="1fffffff">selected.png</texture>
                        <aspectratio>scale</aspectratio>
                        <visible>ListItem.IsPlaying</visible>
                    </control>
                    <control type="image">
                        <left>22</left>
                        <top>12</top>  
                        <width>200</width>
                        <height>200</height>
						<bordertexture colordiffuse="cyan">white.png</bordertexture>
						<bordersize>3</bordersize>
						<aspectratio>keep</aspectratio>
                        <texture>$INFO[ListItem.Thumb]</texture>
                    </control>
                    <control type="label">
                        <left>560</left>
                        <width>70</width>
                        <height>70</height>
                        <align>left</align>
<!-- Modification Label -->                        
                        <label>$INFO[ListItem.ChannelNumberLabel]</label>
                        <selectedcolor>Selected</selectedcolor>
                        <textcolor>Selected</textcolor>
                    </control>
     <!--               <control type="label">
                        <left>138</left>
                        <top>50</top>
                       <width>400</width>
                        <height>18</height>
						 <align>right</align>
                        <reveal>true</reveal>
                        <label>$INFO[ListItem.Label]</label>
                    </control>-->
                    <control type="label">
                        <left>130</left>
                        <height>70</height>
                        <width>400</width>
                        <align>left</align>
                        <textcolor>Selected</textcolor>
                        <label>$INFO[ListItem.ChannelName]</label>
                        <selectedcolor>Selected</selectedcolor>
                    </control>

                </focusedlayout>
           				<content>plugin://plugin.video.idanplus/?iconimage=C%253A%255CUsers%255Cddd%255CAppData%255CRoaming%255CKodi%255Caddons%255Cplugin.video.idanplus%255Cicon.png&amp;mode=1&amp;module&amp;moredata&amp;name=%5bB%5d%d7%98%d7%9c%d7%95%d7%99%d7%96%d7%99%d7%94%5b%2fB%5d&amp;url&quot</content>
            </control>
        </control>
    </controls>

</window>
