<?xml version="1.0" encoding="UTF-8" standalone="yes"?>
<addon id="plugin.video.telemedia"                                                                                                                                    
	   name="Telemedia 2.0"                                                 
	   version="3.0.2"                                                                                                                                        
	   provider-name="Pavel Durov">
  <requires>
    
	

	
  </requires>
  <extension point="xbmc.python.pluginsource"
            library="default.py">
        <provides>video</provides>
  </extension>
  <extension point="xbmc.service" library="service.py" start="startup" />
  <extension point="xbmc.addon.metadata">
	<!-- <reuselanguageinvoker>true</reuselanguageinvoker> -->
    <summary lang="he">Telegram media for kodi,\n Thanks to "Aliaksei Levin" without him none of this would have been possiable</summary>
    <description lang="he">Telegram media for kodi</description>
    <assets>
            <icon>icon.png</icon>
            <fanart>fanart.jpg</fanart>
    </assets>
	<platform>all</platform>
  </extension>
</addon>