<?xml version="1.0" encoding="UTF-8" standalone="yes"?>
<addon id="script.module.pairwith"
  name="אשר דבריד/טרקט"
  version="1.2" 
  provider-name="Kodi Guru">
  <requires>
  </requires>
  <extension point="xbmc.python.script" library="addon.py">
    <provides>executable</provides>
  </extension>
  <extension point="xbmc.addon.metadata">
    <platform>all</platform>
	<assets>
            <icon>icon.png</icon>
            <fanart>fanart.jpg</fanart>
    </assets>
    <summary lang="he">אשר דבריד/טרקט -</summary>
    <description lang="he">הרחבת עזר לאישור דבריד/טרקט להרחבות: 
	ResolveURL, Fen, Mando.</description>
	<disclaimer>אשר דבריד/טרקט</disclaimer>
  </extension>
</addon>