<?xml version="1.0" encoding="UTF-8"?>
<addon
    id="skin.eminence.2.mod"
    version="999.3.0.4"
    name="Eminence Mod"
    provider-name="jurialmunkey">
    <requires>
        <import addon="xbmc.gui" version="5.17.0"/>
        <import addon="script.skinshortcuts" version="1.0.0" />
        <import addon="plugin.video.themoviedb.helper" version="4.4.0" />
        <import addon="script.image.resource.select" version="0.0.5" />
        <import addon="resource.images.weatherfanart.single" version="0.0.6"/>		
    </requires>
    <extension point="xbmc.gui.skin" effectslowdown="1.00" debugging="false">
        <res width="1920" height="1080" aspect="16:9" default="true" folder="16x9" />
    </extension>
    <extension point="xbmc.addon.metadata">
        <platform>all</platform>
        <summary lang="en">Eminence</summary>
        <description lang="en">Eminence is a skin that aims to be clean, clear, simple and modern.</description>
        <description lang="fr">Eminence est un thème qui vise à être clair, simple et moderne.</description>
		<assets>
		 	<icon>icon.png</icon>
 			<fanart>fanart.jpg</fanart>
		</assets>	
		<news> 
		</news>
	</extension>
</addon>
